0,mp-973627
1,mp-973508
2,mp-983365
3,mp-8262
4,mp-982664
5,mp-982195
6,mp-9268
7,mp-973554
8,mp-973622
9,mp-8700
10,mp-684904
11,mp-973271
12,mp-973250
13,mp-1079544
14,mp-971
15,mp-982663
16,mp-998915
17,mp-998914
18,mp-1217
19,mp-998935
20,mp-983388
21,mp-7441
22,mp-14017
23,mp-7289
24,mp-713
25,mp-685149
26,mp-684799
27,mp-998929
28,mp-998916
29,mp-998913
30,mp-983062
31,mp-531
32,mp-867934
33,mp-982780
34,mp-982665
35,mp-640333
36,mp-685078
37,mp-684709
38,mp-8426
39,mp-7897
40,mp-7667
41,mp-973528
42,mp-680682
43,mp-973446
44,mp-973444
45,mp-973265
46,mp-973245
47,mp-685089
48,mp-571066
49,mp-976583
50,mp-976409
51,mp-976373
52,mp-976223
53,mp-976221
54,mp-976115
55,mp-975872
56,mp-975857
57,mp-975838
58,mp-976802
59,mp-974062
60,mp-12735
61,mp-973974
62,mp-976126
63,mp-975821
64,mp-21526
65,mp-23279
66,mp-31104
67,mp-30021
68,mp-21613
69,mp-974641
70,mp-31286
71,mp-28930
72,mp-974738
73,mp-29055
74,mp-22481
75,mp-30577
76,mp-18609
77,mp-397
78,mp-30717
79,mp-30718
80,mp-11801
81,mp-559278
82,mp-998917
83,mp-755633
84,mp-973535
85,mp-636056
86,mp-2146
87,mp-974827
88,mp-776104
89,mp-776081
90,mp-973278
91,mp-31473
92,mp-1866
93,mp-672372
94,mp-568052
95,mp-569570
96,mp-568516
97,mp-569857
98,mp-569866
99,mp-569940
100,mp-541000
101,mp-582929
102,mp-974631
103,mp-974627
104,mp-976592
105,mp-680443
106,mp-680329
107,mp-542374
108,mp-784
109,mp-570786
110,mp-2072
111,mp-570900
112,mp-1021516
113,mp-2672
114,mp-243
115,mp-973614
116,mp-1016293
117,mp-1064119
118,mp-30401
119,mp-862783
120,mp-863730
121,mp-1057017
122,mp-1057125
123,mp-1057787
124,mp-24084
125,mp-1058315
126,mp-23251
127,mp-23193
128,mp-1058944
129,mp-1058689
130,mp-1059264
131,mp-1059621
132,mp-1059907
133,mp-1058119
134,mp-23289
135,mp-570891
136,mp-1062676
137,mp-1022
138,mp-1747
139,mp-1064300
140,mp-1064508
141,mp-1064647
142,mp-1064814
143,mp-1066388
144,mp-1066655
145,mp-1071868
146,mp-1072274
147,mp-1023498
148,mp-776016
149,mp-27800
150,mp-10159
151,mp-11952
152,mp-14018
153,mp-1076
154,mp-11028
155,mp-1287
156,mp-1298
157,mp-1536
158,mp-1726
159,mp-1554
160,mp-1568
161,mp-11462
162,mp-181
163,mp-1062758
164,mp-16791
165,mp-21170
166,mp-463
167,mp-22898
168,mp-22901
169,mp-17146
170,mp-21325
171,mp-28424
172,mp-1077243
173,mp-1071539
174,mp-8454
175,mp-1078656
176,mp-1078831
177,mp-1078836
178,mp-1078864
179,mp-1079139
180,mp-1079231
181,mp-1080121
182,mp-1080778
183,mp-1084834
184,mp-827
185,mp-1095521
186,mp-1016287
187,mp-1097017
188,mp-1097008
189,mp-1097055
190,mp-7670
191,mp-640781
192,mp-29687
193,mp-644
194,mp-13909
195,mp-1084753
196,mp-9563
197,mp-982380
198,mp-973455
199,mp-983152
200,mp-973374
201,mp-570466
202,mp-8490
203,mp-7943
204,mp-981935
205,mp-973493
206,mp-973415
207,mp-973316
208,mp-2314
209,mp-976017
210,mp-1777
211,mp-9918
212,mp-7507
213,mp-9588
214,mp-976944
215,mp-672287
216,mp-976239
217,mp-977122
218,mp-632822
219,mp-31324
220,mp-1094586
221,mp-974959
222,mp-977229
223,mp-977207
224,mp-977195
225,mp-977188
226,mp-977165
227,mp-977126
228,mp-977119
229,mp-975649
230,mp-976055
231,mp-975321
232,mp-676024
233,mp-974938
234,mp-974950
235,mp-757
236,mp-972285
237,mp-973191
238,mp-934
239,mp-7396
240,mp-728
241,mp-1097030
242,mp-7955
243,mp-795
244,mp-7924
245,mp-976843
246,mp-1094605
247,mp-1025406
248,mp-976262
249,mp-976244
250,mp-976982
251,mp-980190
252,mp-976885
253,mp-976407
254,mp-976272
255,mp-976139
256,mp-972125
257,mp-676620
258,mp-976075
259,mp-975799
260,mp-973748
261,mp-973741
262,mp-977299
263,mp-977286
264,mp-977239
265,mp-975868
266,mp-23222
267,mp-23259
268,mp-975794
269,mp-504760
270,mp-1001581
271,mp-27466
272,mp-27587
273,mp-27658
274,mp-27687
275,mp-27705
276,mp-22460
277,mp-841
278,mp-27930
279,mp-27932
280,mp-2341
281,mp-542598
282,mp-976280
283,mp-977230
284,mp-30738
285,mp-567395
286,mp-30760
287,mp-30761
288,mp-30764
289,mp-30766
290,mp-30767
291,mp-30769
292,mp-862716
293,mp-2251
294,mp-755894
295,mp-13444
296,mp-600561
297,mp-976408
298,mp-557142
299,mp-568404
300,mp-573471
301,mp-573651
302,mp-574275
303,mp-569841
304,mp-569849
305,mp-558312
306,mp-976599
307,mp-976424
308,mp-976412
309,mp-976334
310,mp-995393
311,mp-976322
312,mp-976321
313,mp-976281
314,mp-976264
315,mp-974058
316,mp-974060
317,mp-976256
318,mp-1094578
319,mp-976254
320,mp-973940
321,mp-973948
322,mp-976060
323,mp-976025
324,mp-976023
325,mp-976010
326,mp-975929
327,mp-973824
328,mp-975882
329,mp-973732
330,mp-30765
331,mp-1058798
332,mp-863257
333,mp-863027
334,mp-1059612
335,mp-569073
336,mp-570363
337,mp-32641
338,mp-32760
339,mp-510430
340,mp-570935
341,mp-866755
342,mp-1021323
343,mp-1960
344,mp-975906
345,mp-976414
346,mp-1016274
347,mp-1016222
348,mp-680395
349,mp-1018789
350,mp-976263
351,mp-976287
352,mp-1063164
353,mp-975904
354,mp-1094603
355,mp-1001790
356,mp-1314
357,mp-1097725
358,mp-861931
359,mp-861936
360,mp-862658
361,mp-865604
362,mp-865612
363,mp-865875
364,mp-865907
365,mp-867227
366,mp-867226
367,mp-867342
368,mp-867343
369,mp-1057216
370,mp-23703
371,mp-1062345
372,mp-2530
373,mp-1307
374,mp-1001787
375,mp-1001831
376,mp-1018026
377,mp-1001825
378,mp-1001835
379,mp-865939
380,mp-21293
381,mp-9568
382,mp-975909
383,mp-1023493
384,mp-11644
385,mp-1378
386,mp-11807
387,mp-279
388,mp-1646
389,mp-2170
390,mp-16506
391,mp-16726
392,mp-1437
393,mp-1067
394,mp-2074
395,mp-10890
396,mp-2659
397,mp-1934
398,mp-11248
399,mp-11247
400,mp-1125
401,mp-210
402,mp-1138
403,mp-2412
404,mp-11489
405,mp-1153
406,mp-2743
407,mp-2744
408,mp-2272
409,mp-2012
410,mp-2286
411,mp-32899
412,mp-1079855
413,mp-29631
414,mp-22899
415,mp-22902
416,mp-22905
417,mp-29720
418,mp-28336
419,mp-29210
420,mp-1077191
421,mp-2426
422,mp-1009009
423,mp-1078753
424,mp-736
425,mp-1079240
426,mp-1079267
427,mp-1079408
428,mp-12283
429,mp-1080576
430,mp-1094129
431,mp-1094135
432,mp-1094159
433,mp-1094156
434,mp-568273
435,mp-976047
436,mp-1094558
437,mp-1094559
438,mp-1094562
439,mp-1094567
440,mp-1094568
441,mp-1094569
442,mp-1094570
443,mp-1094573
444,mp-1094574
445,mp-1094575
446,mp-1094601
447,mp-1094576
448,mp-1094579
449,mp-1094580
450,mp-1094582
451,mp-1094581
452,mp-1094588
453,mp-1094590
454,mp-1094589
455,mp-1094587
456,mp-1094591
457,mp-1094592
458,mp-1094594
459,mp-1094596
460,mp-1094598
461,mp-1094599
462,mp-1094602
463,mp-1094600
464,mp-1094604
465,mp-1094607
466,mp-1094609
467,mp-1094665
468,mp-1094670
469,mp-1094675
470,mp-1094673
471,mp-1094889
472,mp-1094853
473,mp-1094982
474,mp-1100190
475,mp-30768
476,mp-977218
477,mp-1094593
478,mp-567306
479,mp-29630
480,mp-984106
481,mp-983562
482,mp-983509
483,mp-983445
484,mp-982981
485,mp-982871
486,mp-982637
487,mp-982378
488,mp-8374
489,mp-655
490,mp-973352
491,mp-973334
492,mp-973166
493,mp-7944
494,mp-29953
495,mp-950
496,mp-7440
497,mp-1267
498,mp-1080771
499,mp-975109
500,mp-977403
501,mp-974862
502,mp-977314
503,mp-977194
504,mp-990084
505,mp-982873
506,mp-634410
507,mp-982773
508,mp-982595
509,mp-975298
510,mp-982381
511,mp-974883
512,mp-972941
513,mp-1009220
514,mp-680434
515,mp-7956
516,mp-8860
517,mp-980189
518,mp-976829
519,mp-976768
520,mp-976765
521,mp-648
522,mp-974313
523,mp-976031
524,mp-977206
525,mp-977200
526,mp-977189
527,mp-977182
528,mp-977181
529,mp-977140
530,mp-977138
531,mp-977128
532,mp-977062
533,mp-28478
534,mp-23268
535,mp-31086
536,mp-999496
537,mp-31284
538,mp-21895
539,mp-30233
540,mp-22003
541,mp-30352
542,mp-20555
543,mp-20628
544,mp-31430
545,mp-22862
546,mp-22464
547,mp-27838
548,mp-614
549,mp-556978
550,mp-1095060
551,mp-976943
552,mp-973174
553,mp-776952
554,mp-755413
555,mp-974866
556,mp-755072
557,mp-976903
558,mp-976872
559,mp-976870
560,mp-976863
561,mp-976856
562,mp-1061395
563,mp-976971
564,mp-1009221
565,mp-976589
566,mp-976405
567,mp-976404
568,mp-976319
569,mp-976292
570,mp-974270
571,mp-975994
572,mp-570538
573,mp-570560
574,mp-541787
575,mp-571003
576,mp-1058159
577,mp-571095
578,mp-2271
579,mp-11051
580,mp-1016323
581,mp-1066400
582,mp-1016219
583,mp-1018810
584,mp-1006151
585,mp-1006112
586,mp-15514
587,mp-864742
588,mp-864758
589,mp-864754
590,mp-865077
591,mp-1009223
592,mp-22851
593,mp-23870
594,mp-1056860
595,mp-1059357
596,mp-682
597,mp-1058171
598,mp-2784
599,mp-1064161
600,mp-1064484
601,mp-1064952
602,mp-1064979
603,mp-999495
604,mp-1065265
605,mp-454
606,mp-1064272
607,mp-1064715
608,mp-1065711
609,mp-409
610,mp-1023499
611,mp-976150
612,mp-1363
613,mp-2315
614,mp-11820
615,mp-255
616,mp-186
617,mp-1052
618,mp-12180
619,mp-2340
620,mp-2352
621,mp-262
622,mp-1266
623,mp-1901
624,mp-2639
625,mp-11180
626,mp-1136
627,mp-2402
628,mp-1564
629,mp-15668
630,mp-11466
631,mp-1598
632,mp-30792
633,mp-30794
634,mp-30795
635,mp-29551
636,mp-28127
637,mp-22777
638,mp-29657
639,mp-22916
640,mp-22924
641,mp-473
642,mp-1077015
643,mp-1077288
644,mp-1077399
645,mp-1077925
646,mp-2400
647,mp-1079298
648,mp-1080032
649,mp-1078955
650,mp-1078558
651,mp-1080834
652,mp-1094115
653,mp-1069676
654,mp-1095650
655,mp-542377
656,mp-583168
657,mp-28353
658,mp-17974
659,mp-568086
